{
    "version": "2.0.0",
    "tasks": [
        {
            "label": "build debug",
            "type": "process",
            "command": "make",
            "args": [
                "PLATFORM=PLATFORM_DESKTOP",
                "BUILD_MODE=DEBUG"
            ],
            "windows": {
                "command": "C:/raylib/w64devkit/bin/mingw32-make.exe",
                "args": [
                    "RAYLIB_PATH=C:/raylib/raylib",
                    "PROJECT_NAME=${fileBasenameNoExtension}",
                    "OBJS=src/*.cpp",
                    "BUILD_MODE=DEBUG"
                ]
            },
            "osx": {
                "args": [
                    "PROJECT_NAME=${fileBasenameNoExtension}",
                    "OBJS=src/*.cpp",
                    "BUILD_MODE=DEBUG"
                ]
            },
            "linux": {
                "args": [
                    "PROJECT_NAME=${fileBasenameNoExtension}",
                    "DESTDIR=/home/linuxbrew/.linuxbrew",
                    "RAYLIB_LIBTYPE=SHARED",
                    "EXAMPLE_RUNTIME_PATH=/home/linuxbrew/.linuxbrew/lib",
                    "OBJS=src/*.cpp",
                    "BUILD_MODE=DEBUG"
                ]
            },
            "group": "build",
            "problemMatcher": [
                "$gcc"
            ]
        },
        {
            "label": "build release",
            "type": "process",
            "command": "make",
            "args": [
                "PLATFORM=PLATFORM_DESKTOP"
            ],
            "windows": {
                "command": "C:/raylib/w64devkit/bin/mingw32-make.exe",
                "args": [
                    "RAYLIB_PATH=C:/raylib/raylib",
                    "PROJECT_NAME=${fileBasenameNoExtension}",
                    "OBJS=*.cpp"
                ]
            },
            "osx": {
                "args": [
                    "PROJECT_NAME=${fileBasenameNoExtension}",
                    "OBJS=*.cpp"
                ]
            },
            "linux": {
                "args": [
                    "PROJECT_NAME=${fileBasenameNoExtension}",
                    "DESTDIR=/home/linuxbrew/.linuxbrew",
                    "RAYLIB_LIBTYPE=SHARED",
                    "EXAMPLE_RUNTIME_PATH=/home/linuxbrew/.linuxbrew/lib",
                    "OBJS=*.cpp"
                ]
            },
            "problemMatcher": [
                "$gcc"
            ],
            "group": {
                "kind": "build",
                "isDefault": false
            },
            "detail": "compiler: C:\\raylib\\mingw\\bin\\g++.exe"
        },
        {
            "type": "cppbuild",
            "label": "C/C++: g++.exe build active file",
            "command": "C:\\msys64\\mingw64\\bin\\g++.exe",
            "args": [
                "-fdiagnostics-color=always",
                "-g",
                "${file}",
                "-o",
                "${fileDirname}\\${fileBasenameNoExtension}.exe"
            ],
            "options": {
                "cwd": "${fileDirname}"
            },
            "problemMatcher": [
                "$gcc"
            ],
            "group": {
                "kind": "build",
                "isDefault": true
            },
            "detail": "Task generated by Debugger."
        }
    ]
}